pdb,chain,residue,position,avg bond weight,avg bond number,Hbond,Hphob,consurf,B' side chain,hotspot ratio,ddG,Notes,3-class,2-class,secondary structure,asa
1a22,B,E,242,0.968021333,2.2,5,0,6,0.836846802,0.11023622,0.705,,0,0,T,0.134
1a22,B,R,243,0.723608333,2.125,2,0,5,0.750157589,0.150684932,1.5333,,1,,T,0.033
1a22,B,E,244,0.968021333,2.2,1,2,6,0.712243252,0.11023622,1.38,,1,,T,0.373
1a22,B,T,251,1.710122667,2,1,0,6,1.163009815,0.08045977,0.07,,0,0,-,1.065
1a22,B,N,272,1.647231429,2,1,0,1,2.163084448,0.135802469,0.01,,0,0,-,0.6
1a22,B,E,279,1.296602,2.066666667,0,0,3,2.124503522,0.11023622,-0.08,,0,0,-,1.295
1a22,B,W,280,0.8336025,2.25,0,2,7,0.518672029,0.355555556,0.05,,0,0,-,0.899
1a22,B,E,282,1.40864,2.133333333,2,2,9,0.707951063,0.11023622,0.78,,0,0,S,0.86
1a22,B,I,303,1.052530526,2.368421053,1,0,4,0.77917864,0.208333333,1.28,,1,,-,0.071
1a22,B,P,306,0.898295714,2.357142857,1,2,1,0.510835532,0.133333333,2.965,,2,1,S,0
1a22,B,K,310,1.497978182,2.090909091,2,0,6,0.885361545,0.149253731,0.04,,0,0,S,0.545
1a22,B,E,320,1.181850667,2.066666667,2,0,2,1.47755357,0.11023622,-0.18,,0,0,S,0.578
1a22,B,V,325,1.02164,2.3125,1,4,7,0.576844197,0.12244898,1.14,,1,,H,0
1a22,B,E,327,0.632625333,2.266666667,1,0,6,0.841138991,0.11023622,0.7933,,0,0,H,0.452
1a22,B,D,332,0.891571667,2.25,1,0,9,1.055894769,0.133928571,1.09,,1,,-,0.519
1a22,B,D,364,0.925366667,2.333333333,3,0,8,0.571885418,0.133928571,1.545,,1,,-,0.038
1a22,B,Q,366,1.671774118,2,0,0,1,1.341829349,0.074074074,0.02,,0,0,T,1.093
1a22,B,E,375,0.63245,2.333333333,3,0,8,1.217941164,0.11023622,-0.08,,0,0,S,0.176
1a22,B,K,403,1.669785455,2.045454545,2,0,2,1.219371894,0.149253731,0.24,,0,0,S,0.942
1a22,B,E,409,0.772626667,2.466666667,2,2,8,0.925552042,0.11023622,-0.06,,0,0,S,0.272
1a22,B,N,418,1.097537143,2.071428571,2,0,2,1.198642572,0.135802469,0.3,,0,0,T,0.212
1a4y,B,H,13,0.441836471,2.294117647,3,0,9,0.708234062,0.15,-0.3,,0,0,H,0.075
1a4y,B,R,32,1.384484167,2.041666667,1,0,5,1.461588837,0.150684932,0.9,,0,0,H,1.213
1a4y,B,R,70,1.0050975,2.166666667,3,0,7,1.963474562,0.150684932,-0.2,,0,0,S,0.482
1a4y,B,E,108,0.769568,2.266666667,3,0,5,1.326502945,0.11023622,-0.3,,0,0,-,0.323
1ahw,C,T,170,0.788517857,2.428571429,3,1,8,0.822916299,0.08045977,1,,1,,S,0.033
1ahw,C,L,176,1.287821053,2.105263158,1,1,4,0.458687527,0.2,1,,1,,S,0.956
1ahw,C,V,198,1.6435775,2,1,0,1,1.434674107,0.12244898,-0.3,,0,0,-,0.755
1ak4,D,P,485,1.06,2.214285714,0,1,9,1.217015478,0.133333333,2.45,,2,1,-,0.411
1ak4,D,P,490,0.82606,2.857142857,2,8,8,1.30417533,0.133333333,3.54,,2,1,-,0
1BJ1,W,M,81,1.019323529,2.235294118,2,1,5,0.440878908,0.1875,3.895,,2,1,S,0
1BJ1,W,I,83,1.218663158,2.157894737,2,0,4,0.401538586,0.208333333,2.495,,2,1,S,0.113
1BJ1,W,K,84,1.259068636,2.227272727,3,0,1,0.811444981,0.149253731,1.005,,1,,S,0.496
1BJ1,W,H,86,1.033958824,2.117647059,1,0,1,0.902367418,0.15,0,,0,0,T,1.116
1BJ1,W,Q,87,1.153889412,2.235294118,2,2,1,0.670261457,0.074074074,0,,0,0,T,0.311
1BJ1,W,G,92,0.450657143,2.285714286,2,0,3,0,0.21875,3.895,,2,1,S,0
1BJ1,W,M,94,1.061381176,2.235294118,2,2,7,0.769489719,0.1875,1.665,,1,,S,0.189
1BKD,S,K,939,1.383534091,2.090909091,3,1,6,0.660319191,0.149253731,Strong,,2,1,H,0.205
1BKD,S,E,1002,0.962836,2.2,2,0,7,1.122786343,0.11023622,Insignificant,98% exchange activity of GDP-GTP,0,0,H,0.831
1BP3,A,N,12,1.364073571,2.071428571,2,0,6,0.753751975,0.135802469,Negative-Weak,Kd= 20 +/- 6 pM,0,0,H,0.405
1BP3,A,R,19,1.278987917,2.125,3,0,4,0.868782039,0.150684932,Insignificant,Kd= 33 +/- 10 pM,0,0,H,0.897
1BP3,A,H,21,0.627282778,2.277777778,1,0,8,0.67951567,0.15,Strong,Kd= 3000 +/- 1000 pM,2,1,H,0.038
1BP3,A,F,54,1.0099995,2.25,1,0,3,1.09500287,0.290909091,Insignificant,Kd= 47 +/- 8 pM,0,0,H,0.182
1BP3,A,E,174,1.253069333,2.133333333,2,0,7,0.713001868,0.11023622,Strong,Kd= 12000 +/- 1700 pM,2,1,H,0.209
1BP3,A,V,180,1.24644875,2.125,2,1,7,0.908474603,0.12244898,Negative-Weak,Kd= 20 +/- 2 pM,0,0,H,0
1BP3,A,G,187,1.23956,2,1,0,5,0,0.21875,Insignificant,Kd= 33 +/- 3 pM,0,0,-,0.47
1BUI,C,K,98,1.423636364,2.136363636,1,2,2,1.442681575,0.149253731,Strong,Km=11.8+/-0.18uM,2,1,S,0.863
1cbw,D,K,15,1.1949,2.090909091,5,0,4,0.308984844,0.149253731,2,,2,1,-,0.038
1cbw,D,R,39,1.154827083,2.041666667,1,0,1,1.048727848,0.150684932,0.2,,0,0,-,0.982
1cbw,I,I,18,1.473684211,2.105263158,2,0,2,0.465456112,0.208333333,1.4,,1,,S,0.302
1cbw,I,F,33,0.719117,2.55,2,6,9,0.286922633,0.290909091,0.14,,0,0,S,0.226
1cbw,I,G,36,0.734842857,2.285714286,2,0,7,0,0.21875,0.95,,0,0,-,0
1cbw,I,G,37,1.208222857,2,0,0,9,0,0.21875,0.81,,0,0,-,0.134
1dfj,I,W,314,0.695075,2.25,2,0,4,0.852382861,0.355555556,1,,1,,S,0.302
1dfj,I,K,316,1.495522727,2.136363636,2,1,1,1.408491156,0.149253731,1.3,,1,,T,0.518
1dfj,I,R,453,1.333333333,2.083333333,2,0,4,1.845085559,0.150684932,0.8,,0,0,S,1.3
1DOW,A,T,136,0.655539286,2.214285714,3,0,9,0.67712057,0.08045977,Negative,,0,0,H,0.578
1dqj,A,N,32,0.437767857,2.357142857,6,0,1,0.637941186,0.135802469,4.6,,2,1,-,0
1dqj,A,Y,50,0.920302381,2.19047619,1,0,1,0.593843869,0.346534653,3.62,,2,1,T,0.142
1dqj,B,Y,33,0.637154762,2.428571429,3,0,1,0.712805252,0.346534653,5.52,,2,1,-,0
1dqj,B,Y,50,0.53122381,2.476190476,4,3,1,0.630895753,0.346534653,6.89,,2,1,S,0
1dqj,B,Y,53,0.753778571,2.571428571,2,1,1,1.192452276,0.346534653,1.18,,1,,T,0.532
1dqj,C,R,21,0.9189125,2.166666667,2,2,1,0.842671489,0.150684932,1.11,,1,,T,0.42
1dqj,C,W,63,0.5815875,3,2,5,9,0.952785893,0.355555556,1.0033,,1,,T,0.209
1dqj,C,S,100,0.611595455,2.272727273,4,0,3,0.809768663,0.021276596,0.52,,0,0,T,0
1DVA,H,I,65,1.225433684,2.157894737,2,0,2,0.632291703,0.208333333,Insignificant,1 fold,0,0,S,0.147
1DVA,H,V,67,0.9127575,2.5,2,1,5,0.383594139,0.12244898,Insignificant,1 fold,0,0,S,0
1DVA,H,L,73,0.966894737,2.526315789,2,3,3,0.757870625,0.2,Insignificant,1 fold,0,0,T,0
1DVA,H,S,74,1.419003636,2,0,0,2,0.983378752,0.021276596,Insignificant,1 fold,0,0,T,0.41
1DVA,H,D,77,0.867798333,2.166666667,1,0,5,1.179782301,0.133928571,Insignificant,1 fold,0,0,-,0.335
1DVA,H,E,80,0.846453333,2.266666667,4,0,6,0.652528807,0.11023622,Insignificant,1 fold,0,0,-,0.234
1DVA,H,H,109,0.9141,2.235294118,2,1,3,1.13361281,0.15,Insignificant,1 fold,0,0,-,1.197
1DVA,H,L,144,1.217410526,2.263157895,1,4,5,0.756876044,0.2,Insignificant,1 fold,0,0,-,0.18
1DZI,A,D,151,0.568766667,2.333333333,5,0,9,0.618271516,0.133928571,Strong,4.2% +- .4%,2,1,S,0.033
1DZI,A,D,254,0.750118333,2.25,2,1,9,0.388253554,0.133928571,Strong,5.0% +- .9%,2,1,-,0
1EER,B,E,60,0.989079333,2.2,1,0,5,0.628190381,0.11023622,Strong,IC50= 100 nM,2,1,T,0.394
1EER,B,L,96,1.252811579,2.210526316,2,2,7,0.614832942,0.2,Strong,IC50= 1000 nM,2,1,S,0
1EER,B,V,196,1.063375,2.375,2,5,8,0.994113787,0.12244898,Insignificant,Kd= 0.43 nM,0,0,S,0
1emv,A,P,47,1,2.142857143,0,0,9,1.124110927,0.133333333,0.44,,0,0,T,0.926
1emv,A,I,53,1.149855263,2.421052632,2,3,8,0.949793007,0.208333333,0.85,,0,0,H,0
1emv,B,S,74,1.220707273,2.090909091,1,0,1,1.028311752,0.021276596,-0.17,,0,0,H,0.033
1emv,B,S,78,1.015769091,2.272727273,4,0,1,0.925575177,0.021276596,-0.2433,,0,0,H,0
1emv,B,T,87,0.75269,2.5,3,0,2,0.655142746,0.08045977,0.3067,,0,0,-,0
1F47,A,I,8,1.206125789,2.315789474,1,1,8,0.851611426,0.208333333,Strong,Kd= 1510 uM,2,1,H,0.151
1F47,A,K,14,1.609797273,2.045454545,1,0,6,2.041716889,0.149253731,Insignificant,Kd= 20.1 uM,0,0,H,1.567
1FAK,L,F,71,0.698444,2.4,2,4,1,0.519217569,0.290909091,Strong,,2,1,S,0.298
1FAK,T,T,21,0.940162857,2.285714286,4,1,9,0.583138093,0.08045977,Insignificant,DDG=-0.2kcal/mol,0,0,S,0
1FAK,T,E,26,0.867024,2.333333333,3,2,3,1.376637339,0.11023622,Insignificant,DDG=0-0.1kcal/mol,0,0,S,0.796
1FAK,T,K,28,1.71458,2,0,0,7,1.584284603,0.149253731,Insignificant,DDG=0-0.1kcal/mol,0,0,-,1.48
1FAK,T,K,48,0.980615,2.318181818,2,0,6,0.64061686,0.149253731,Insignificant,DDG=0.4kcal/mol,0,0,S,0.14
1FAK,T,T,52,1.12956,2.142857143,3,0,6,0.958443358,0.08045977,Insignificant,DDG=0.4kcal/mol,0,0,S,0.172
1FAK,T,D,58,0.949581667,2.083333333,6,0,9,0.562262028,0.133928571,Strong,DDG=2.0kcal/mol,2,1,S,0.215
1FAK,T,D,129,1.534303333,2,2,0,8,1.660777986,0.133928571,Insignificant,DDG=-0.1-0kcal/mol,0,0,-,0.452
1FAK,T,L,133,1.273610526,2.210526316,1,3,7,0.795552059,0.2,Insignificant,DDG=-0.1-0kcal/mol,0,0,S,0.071
1FAK,T,D,145,0.867035,2.25,2,1,6,1.273613957,0.133928571,Insignificant,DDG=0-0.1kcal/mol,0,0,H,0.816
1fcc,C,N,35,0.889550714,2.214285714,4,0,4,1.087312745,0.135802469,2.36,,2,1,H,0.516
1fcc,C,E,42,1.276192,2.133333333,2,0,1,1.601153377,0.11023622,0.39,,0,0,S,0.98
1ffw,B,H,181,0.947790588,2.176470588,1,0,9,1.321181829,0.15,0.03,,0,0,H,0.576
1G3I,A,D,438,1.393918333,2.083333333,1,0,9,1.830193131,0.133928571,Strong,28% WT energy,2,1,-,0.272
1G3I,A,L,439,1.267221053,2.315789474,1,1,7,1.678035449,0.2,Strong,18% WT energy,2,1,-,0.415
1G3I,A,F,442,0.977895,2.35,1,1,6,1.087239302,0.290909091,Strong,25% WT energy,2,1,H,0.453
1G3I,A,L,444,1.477895,2.2,1,0,9,0.377728985,0.2,Strong,9% WT energy,2,1,-,0.293
1gcq,C,P,608,0.899906429,2.214285714,1,0,5,0.62143013,0.133333333,0.12,,0,0,-,0.226
1gcq,C,P,657,1.0251,2.571428571,0,6,9,0.537012329,0.133333333,1.32,,1,,S,0.109
1GL4,A,E,616,1.071543333,2.2,2,0,7,1.427914282,0.11023622,Strong,Kd= 223 +/- 68 nM,2,1,T,0.871
1GZH,A,R,174,1.151077083,2.041666667,0,0,5,1.185019441,0.150684932,Insignificant,107.3% activity,0,0,-,0.743
1GZH,A,R,248,0.554195,2.166666667,1,0,9,1.061865779,0.150684932,Strong,0.5% activity,2,1,T,0.795
1GZH,A,N,288,1.379534286,2.071428571,1,0,6,1.695191119,0.135802469,Strong,1.0% activity,2,1,H,1.04
1h9d,B,G,61,1.2,2,2,0,9,0,0.21875,1.9,,1,,T,0
1h9d,B,N,104,0.682410714,2.214285714,3,0,9,0.705789927,0.135802469,2.11,,2,1,T,0.034
1iar,A,T,6,0.957140714,2.214285714,3,0,4,0.622173491,0.08045977,-0.1,,0,0,H,0.1
1iar,A,Q,8,1.364703529,2.117647059,3,0,1,1.1688159,0.074074074,-0.02,,0,0,H,0.588
1iar,A,S,16,0.830299091,2.090909091,2,0,1,0.889178791,0.021276596,-0.18,,0,0,H,0.482
1iar,A,K,77,1.483556364,2.090909091,2,0,1,1.220057537,0.149253731,0.15,,0,0,H,1.013
1iar,A,Q,78,0.905190588,2.176470588,3,0,1,0.902184035,0.074074074,0.12,,0,0,H,0.501
1iar,A,F,82,0.731912,2.35,2,3,1,0.490427837,0.290909091,-0.09,,0,0,H,0.075
1iar,A,R,85,0.19326,2.375,3,0,2,0.204298543,0.150684932,0.43,,0,0,H,0.034
1iar,A,R,88,0.521961667,2.208333333,2,0,9,0.241178048,0.150684932,3.75,,2,1,H,0.382
1J2X,B,D,959,1.156025833,2.083333333,1,0,8,2.638629791,0.133928571,Insignificant,,0,0,T,1.202
1JAT,A,E,55,0.499226667,2.533333333,4,0,1,0.771502399,0.11023622,Strong,,2,1,S,0.038
1jck,B,N,23,0.373685714,2.285714286,5,0,9,0.799503232,0.135802469,2.5,,2,1,H,0.11
1jck,B,N,60,1.592885714,2,1,0,3,0.884474591,0.135802469,1.3,,1,,-,0.302
1jck,B,G,102,0.932332857,2.142857143,2,0,1,0,0.21875,0.1,,0,0,T,0.075
1JMA,B,T,76,1.006852857,2.285714286,2,2,5,1.134569382,0.08045977,Strong,3% of Wild Type Binding Energy,2,1,T,0.281
1JPP,A,R,225,1.333333333,2.083333333,2,0,3,1.339378847,0.150684932,Insignificant,100% interaction,0,0,H,0.664
1JPP,A,R,386,1.235754167,2.166666667,2,0,9,0.553780258,0.150684932,Strong,15% interaction,2,1,H,0.137
1jrh,H,D,56,0.50599,2.25,2,0,1,0.886202854,0.133928571,1.85,,1,,-,0.486
1jrh,H,Y,99,0.72183619,2.19047619,1,0,1,0.789329912,0.346534653,1.06,,1,,T,1.351
1jrh,I,K,47,0.752258182,2.454545455,4,0,7,0.538705344,0.149253731,3.7,,2,1,S,0
1jrh,I,Y,49,0.59760381,2.380952381,4,0,9,0.652410833,0.346534653,3.5,,2,1,S,0.113
1jrh,I,N,53,0.547568571,2.357142857,3,2,1,0.744016121,0.135802469,4.3,,2,1,-,0
1jrh,I,K,98,1.699596364,2,0,0,4,1.062246231,0.149253731,0.31,,0,0,S,0.942
1jrh,L,D,28,0.881606667,2.166666667,1,0,2,1.132226207,0.133928571,0.43,,0,0,-,0.373
1jrh,L,T,94,1.139112,2.2,1,2,1,0.645473759,0.08045977,0.39,,0,0,-,0.167
1jrh,L,W,96,0.620913846,2.230769231,1,5,1,0.642318488,0.355555556,1.67,,1,,-,0.138
1jtg,A,N,100,1.451861429,2.071428571,1,0,1,1.437218953,0.135802469,-0.46,,0,0,H,0.8
1jtg,A,V,103,1.04366875,2.25,2,0,5,0.606281286,0.12244898,1.91,,1,,-,0
1ktz,B,D,32,0.34178,2.5,2,0,8,0.709548179,0.133928571,1.97,,1,,S,0.461
1ktz,B,S,49,1.411394545,2,0,0,3,0.881026513,0.021276596,0.77,,0,0,-,0.822
1ktz,B,E,55,1.466666667,2.066666667,0,1,1,1.487508893,0.11023622,1.66,,1,,-,1.215
1ktz,B,V,77,0.91100125,2.3125,2,3,4,0.645981811,0.12244898,0.86,,0,0,S,0.075
1ktz,B,M,112,0.885334118,2.294117647,2,3,6,0.86655506,0.1875,1.32,,1,,S,0.033
1ktz,B,E,119,0.518994667,2.533333333,3,1,9,0.840171199,0.11023622,1.94,,1,,T,0.377
1ktz,B,I,125,1.168082105,2.210526316,2,2,4,0.793694927,0.208333333,0.99,,0,0,S,0.189
1lfd,A,K,52,1.049813636,2.318181818,2,4,9,0.980913343,0.149253731,1.18,,1,,H,0.283
1LQV,A,T,157,1.22363,2.142857143,2,0,9,0.58734875,0.08045977,Strong,,2,1,H,0.151
1NMB,L,L,94,1.161147368,2.315789474,1,2,1,0.592452544,0.2,Strong,,2,1,T,0.331
1NRR,H,Q,38,1.565138824,2.117647059,1,2,2,2.002176871,0.074074074,Insignificant,,0,0,S,0.878
1NRR,H,E,39,1.260736,2.133333333,2,1,2,1.629488961,0.11023622,Insignificant,,0,0,S,0.687
1NRR,H,L,65,1.136543158,2.263157895,2,1,3,1.175699361,0.2,Insignificant,,0,0,S,0.226
1NRR,H,R,67,0.524764167,2.333333333,2,0,4,0.754494468,0.150684932,Strong,90 fold increase,2,1,S,0
1NRR,H,R,75,1.43881,2.041666667,2,0,2,1.696686996,0.150684932,Insignificant,,0,0,-,1.388
1NRR,H,K,81,1.4154,2.136363636,2,0,6,1.382048044,0.149253731,Insignificant,,0,0,S,0.76
1NRR,H,Y,117,0.99576381,2.333333333,1,4,1,0.709661968,0.346534653,Insignificant,,0,0,-,0.733
1rew,C,Q,86,0.896732353,2.294117647,3,3,9,0.894051325,0.074074074,2.66,,2,1,H,0.034
1s1q,A,D,46,0.931305833,2.083333333,2,0,7,1.123298516,0.133928571,0.95,,0,0,T,0.707
1TH1,A,R,342,0.878517083,2.125,2,0,9,0.622651226,0.150684932,Strong,25% interaction,2,1,H,0.656
1tm1,I,T,58,1.056217857,2.214285714,4,1,7,0.911612715,0.08045977,2.65,,2,1,-,0.033
1tm1,I,E,60,0.681436667,2.533333333,3,0,8,0.965652571,0.11023622,2.92,,2,1,-,0.067
1tm1,I,Y,61,0.852814286,2.523809524,1,8,2,1.541638735,0.346534653,2.58,,2,1,-,0.519
1uuz,A,H,62,0.644175294,2.235294118,0,0,2,0.927734352,0.15,1.77,,1,,T,0.767
1vfb,A,H,30,0.573439412,2.352941176,1,0,2,0.706567935,0.15,0.8,,0,0,T,0.537
1vfb,A,W,92,0.8350525,2.375,1,4,1,0.571788295,0.355555556,1.71,,1,,-,0.423
1vfb,B,Y,32,1.059802857,2.238095238,0,1,3,0.690974158,0.346534653,0.5,,0,0,-,0.249
1vfb,B,R,99,1.233242083,2.083333333,2,1,1,1.051448467,0.150684932,0.47,,0,0,-,0.61
1vfb,C,D,18,1.53316,2,1,0,5,0.880693299,0.133928571,0.3,,0,0,T,0.373
1vfb,C,N,19,1.478311429,2.071428571,3,1,6,0.690881522,0.135802469,0.3,,0,0,T,0.301
1vfb,C,S,24,1.022824545,2.272727273,4,0,5,0.503756197,0.021276596,0.8,,0,0,-,0.11
1vfb,C,D,119,0.732515833,2.583333333,2,3,3,0.639746284,0.133928571,1,,1,,-,0.367
1vfb,C,R,125,1.006755417,2.166666667,2,1,2,0.519874913,0.150684932,1.8,,1,,T,0.679
1xd3,B,K,6,1.430515909,2.136363636,2,0,7,1.765388203,0.149253731,1.37,,1,,S,0.637
1YCR,A,G,58,0.762835714,2.142857143,2,0,9,0,0.21875,Strong,,2,1,H,0
1YCR,A,C,77,1.002343636,2.363636364,3,0,8,0.658193709,0.2,Strong,,2,1,-,0
1YCR,B,E,17,1.345837647,2.058823529,0,0,6,2.094439799,0.11023622,Insignificant,,0,0,-,0.968
1YCR,B,T,18,1.449505714,2.071428571,1,0,7,1.212424746,0.08045977,Insignificant,,0,0,-,0.629
1YCR,B,S,20,1.454545455,2,1,0,5,1.021176008,0.021276596,Insignificant,,0,0,H,0.357
1YCR,B,W,23,0.64913375,2.75,2,7,7,0.396583886,0.355555556,Strong,,2,1,H,0.109
1YCR,B,K,24,1.740594545,2,1,0,1,1.737631392,0.149253731,Insignificant,,0,0,T,1.316
1YCS,A,R,174,0.792988333,2.125,0,0,5,1.172994109,0.150684932,Negative-Weak,133.3% activity,0,0,-,0.92
1YCS,A,R,202,1.392858333,2.083333333,3,0,1,0.951602394,0.150684932,Insignificant,100% activity,0,0,T,1.386
1YCS,A,E,204,0.527666667,2.333333333,2,0,1,0.476533762,0.11023622,Insignificant,116.7% activity,0,0,S,0.733
1YCS,A,R,273,0.652745833,2.166666667,2,0,9,1.001835447,0.150684932,Strong,3.3% activity,2,1,S,0.41
1YCS,A,D,281,0.499911667,2.5,2,2,9,0.933654543,0.133928571,Negative-Strong,667% activity,0,0,H,0.142
1z7x,W,W,263,0.731018333,2.333333333,3,0,1,0.706587375,0.355555556,1.705,,1,,T,0.264
1z7x,W,E,287,0.543888667,2.466666667,3,0,6,0.850406044,0.11023622,0.71,,0,0,S,0.377
1z7x,W,K,320,1.608459545,2.045454545,1,0,3,1.073012332,0.149253731,0.51,,0,0,T,0.25
1z7x,W,W,375,0.538811667,2.291666667,3,0,3,1.233383022,0.355555556,1.335,,1,,S,0.377
1z7x,W,E,401,0.377398,2.4,2,0,7,1.286202359,0.11023622,1.105,,1,,S,0.477
1z7x,W,R,457,1.146368333,2.125,2,0,5,1.709587286,0.150684932,0.325,,0,0,S,0.989
2b42,A,H,374,0.893275294,2.176470588,1,0,1,0.679247866,0.15,1.62,,1,,T,0.286
2BCJ,A,K,62,1.368002727,2.090909091,2,0,5,0.921408942,0.149253731,Insignificant,,0,0,H,0.832
2BCJ,A,V,83,0.887005,2.3125,2,3,3,1.011903833,0.12244898,Insignificant,,0,0,H,0.075
2BCJ,A,R,106,0.786931667,2.291666667,2,0,2,1.032821233,0.150684932,Strong,,2,1,H,0.602
2BCJ,A,D,110,0.499266667,2.333333333,3,0,1,0.984211293,0.133928571,Strong,,2,1,H,0.142
2BCJ,A,Q,133,1.105571765,2.176470588,2,1,1,1.057814938,0.074074074,Insignificant,,0,0,H,0.138
2BCJ,A,K,164,1.595274545,2.045454545,1,0,1,0.971693143,0.149253731,Insignificant,,0,0,H,0.859
2DSQ,C,G,7,0.796482857,2.142857143,2,0,9,0,0.21875,Strong,IC50= 1000 nM,2,1,H,0
2DSQ,C,E,9,1.326257333,2.133333333,1,1,6,1.025323647,0.11023622,Insignificant,IC50= 8.6 +/- 0.6 nM,0,0,H,0.657
2DSQ,C,D,20,1.038336667,2.083333333,2,0,2,1.13994828,0.133928571,Insignificant,IC50= 8.4 +/- 4.1 nM,0,0,H,0.239
2DSQ,C,N,26,1.132655714,2.071428571,1,0,4,1.170123148,0.135802469,Insignificant,IC50= 9.1 +/- 1.8 nM,0,0,-,0.906
2DSQ,C,F,49,0.924512,2.6,1,4,5,0.291464502,0.290909091,Strong,IC50= 1000 nM,2,1,H,0.373
2DSQ,C,Y,60,0.721779048,2.571428571,4,7,9,0.93653699,0.346534653,Insignificant,IC50= 6.6 +/- 1.8 nM,0,0,T,0.109
2F6A,A,Y,233,0.944864762,2.333333333,0,1,1,0.685700607,0.346534653,Strong,kd >10^-2 s-1,2,1,S,0.666
2ftl,I,K,15,1.046618636,2.136363636,6,0,4,0.557385004,0.149253731,10.05,,2,1,-,0
2g2u,B,S,35,1.423438182,2,0,0,3,1.363073303,0.021276596,-0.95,,0,0,H,0.516
2g2u,B,Y,51,0.97972619,2.238095238,0,3,3,1.160853037,0.346534653,-0.63,,0,0,S,0.394
2g2u,B,W,112,0.658386667,2.25,2,1,5,1.060774527,0.355555556,1.985,,1,,S,0.226
2g2u,B,S,113,1.028694545,2.181818182,2,0,1,1.184258674,0.021276596,-0.39,,0,0,S,0.105
2g2u,B,Y,143,0.860788571,2.380952381,1,5,6,1.123137793,0.346534653,-0.735,,0,0,-,0.394
2g2u,B,W,162,0.605283333,2.291666667,2,1,2,1.368530921,0.355555556,1.435,,1,,S,0.404
2H1L,M,H,168,1.009632353,2.176470588,2,0,7,1.313273388,0.15,Strong,7% activity,2,1,H,0.469
2H1L,M,E,171,0.41075,2.333333333,1,0,5,1.035617361,0.11023622,Insignificant,101% activity,0,0,-,0.586
2H1L,M,D,207,1.152395833,2.083333333,0,0,1,1.275846462,0.133928571,Negative-Weak,125% activity,0,0,S,0.835
2H1L,M,R,209,1.527708333,2,0,0,1,1.851535278,0.150684932,Insignificant,103.5% activity,0,0,T,1.879
2H1L,M,N,210,1.511696429,2.071428571,1,0,1,1.453195705,0.135802469,Insignificant,107.5% activity,0,0,T,0.962
2H1L,M,R,249,0.596979167,2.25,0,2,8,0.986670448,0.150684932,Negative-Weak,128.5% activity,0,0,-,0.587
2H1L,M,E,286,0.661776,2.4,3,0,9,1.023796262,0.11023622,Insignificant,111% activity,0,0,H,0.586
2H1L,M,E,287,1.710296,2.066666667,1,0,1,1.353188162,0.11023622,Insignificant,99% activity,0,0,H,1.42
2H1L,M,N,288,1.857142857,2,1,0,6,1.215856352,0.135802469,Insignificant,119.5% activity,0,0,T,0.86
2hrk,A,K,159,1.25124,2.045454545,1,0,6,1.120359379,0.149253731,0.95,,0,0,T,0.971
2i9b,E,R,137,1.538461538,1.807692308,0,0,1,1.445921635,0.150684932,-0.29,,0,0,-,2.589
2i9b,E,R,142,1.07008375,2.083333333,1,0,1,1.270988376,0.150684932,0.36,,0,0,-,1.043
2i9b,E,H,143,0.419370588,2.352941176,2,0,7,0.980409896,0.15,0.66,,0,0,S,0.113
2j0t,D,S,68,0.599231818,2.272727273,3,0,8,0.883058654,0.021276596,2.11,,2,1,H,0.211
2j12,A,S,299,1.402252727,2.090909091,1,0,6,0.775929804,0.021276596,0.95,,0,0,T,0.628
2jel,P,E,68,1.622658667,2,0,0,1,1.546843101,0.11023622,0.41,,0,0,T,1.358
2jel,P,E,85,1.4901975,2.0625,0,0,6,2.240511287,0.11023622,0,,0,0,-,1.945
2o3b,B,Q,74,1.68984,2,2,0,6,1.270741059,0.074074074,3.23,,2,1,-,0.593
2ONL,A,R,149,1.294497917,2.125,2,2,9,1.000764042,0.150684932,Strong,,2,1,T,0.736
2ONL,A,Y,200,1.170240476,2.142857143,0,0,9,1.000764042,0.346534653,Strong,,2,1,T,0.771
2PKG,A,L,166,0.938023158,2.421052632,3,6,7,0.799641323,0.2,Insignificant,97% binding,0,0,H,0.075
2PKG,A,M,180,0.934616471,2.470588235,1,5,9,0.704039657,0.1875,Strong,19% binding,2,1,H,0.22
2PKG,A,R,182,0.676759167,2.166666667,4,0,9,0.680550679,0.150684932,Strong,14% binding,2,1,H,0.25
2PKG,A,R,183,0.914881667,2.166666667,4,0,9,0.530286096,0.150684932,Strong,14% binding,2,1,H,0.352
2PTC,I,I,18,1.115526316,2.210526316,2,2,3,0.758567272,0.208333333,Strong,kd= 9.2 x10^-5 s^-1,2,1,S,0.075
2PTC,I,I,19,1.227144737,2.157894737,1,2,1,0.85005533,0.208333333,Strong,kd= 5.5 x10^-5 s^-1,2,1,S,0.511
2PTC,I,R,20,0.933177917,2.208333333,3,0,8,0.958640154,0.150684932,Strong,kd= 5.6 x10^-5 s^-1,2,1,S,0.376
2VDO,A,L,84,1.089613158,2.210526316,2,0,3,0.752126769,0.2,Strong,,2,1,S,0
2VDO,A,Q,111,0.568515882,2.294117647,4,1,9,0.812906774,0.074074074,Strong,,2,1,-,0
2VDO,A,E,117,0.647474667,2.266666667,3,0,2,0.90470728,0.11023622,Strong,,2,1,S,0.511
2VDO,A,K,124,1.600981364,2.045454545,1,0,5,0.861879272,0.149253731,Strong,,2,1,-,0.629
2VDO,B,D,158,0.703598333,2.333333333,3,0,9,0.785524056,0.133928571,Strong,0% binding,2,1,H,0.038
2vlj,E,D,32,0.596371667,2.25,4,0,1,0.724932455,0.133928571,1.57,,1,,T,0.234
2vlj,E,Q,58,0.850394118,2.294117647,3,2,3,0.706733401,0.074074074,0.5,,0,0,S,0.325
2vlj,E,S,99,0.829790909,2.090909091,1,0,1,0.716261264,0.021276596,-0.04,,0,0,T,0
2vlj,E,Y,101,0.659657143,2.285714286,2,0,1,0.655353983,0.346534653,0.23,,0,0,T,0.209
2wpt,A,E,30,0.147338667,2.666666667,2,0,8,0.696579684,0.11023622,1.73,,1,,H,0.391
2wpt,A,N,34,0.629051429,2.214285714,3,0,2,0.734601838,0.135802469,-0.38,,0,0,H,0.385
2wpt,A,R,38,1.32528,2.125,6,0,1,0.812811703,0.150684932,-1.11,,0,0,H,1.266
2wpt,A,E,41,0.504437333,2.333333333,3,0,2,0.801404782,0.11023622,4.5,,2,1,H,0.251
3BDY,H,D,31,1.270070833,2.083333333,1,0,1,1.050358599,0.133928571,0.2,,0,0,H,1.068
3BDY,H,Y,33,0.700492857,2.714285714,3,0,1,0.972756824,0.346534653,0.3,,0,0,-,0.075
3BDY,H,R,58,1.176575,2.125,2,1,1,1.321323535,0.150684932,-0.2,,0,0,S,1.433
3BDY,L,S,52,1.408536364,2,0,0,1,0.876528559,0.021276596,0.1,,0,0,T,0.511
3BDY,L,Y,53,0.73262619,2.333333333,2,3,1,0.951653681,0.346534653,0.7,,0,0,S,0.964
3BDY,L,T,94,1.139653571,2.142857143,2,0,1,0.928744647,0.08045977,0,,0,0,-,0.301
3BE1,H,K,30,1.587518182,2.045454545,1,0,4,1.147201433,0.149253731,-0.3,,0,0,H,1.03
3BE1,H,Y,33,0.6354,2.714285714,2,1,1,0.957856047,0.346534653,2.4,,2,1,-,0.247
3BE1,H,Y,52,0.658142857,2.523809524,2,7,1,1.067850075,0.346534653,-0.8,,0,0,S,0.524
3BE1,H,Y,56,0.686571429,2.333333333,2,3,1,0.938925268,0.346534653,1.8,,1,,S,0.922
3BE1,H,G,97,1.142857143,2,0,0,1,0,0.21875,0.3,,0,0,-,0.298
3BE1,H,D,98,1.5,2,1,0,1,1.302445098,0.133928571,-0.1,,0,0,T,1.112
3BE1,L,I,29,1.113418421,2.263157895,1,1,1,1.361361742,0.208333333,0.9,,0,0,-,0
3BE1,L,S,30,0.757127273,2.181818182,2,0,1,1.36301607,0.021276596,-0.2,,0,0,H,0.239
3BE1,L,Y,32,0.450609524,2.476190476,3,5,1,1.072794261,0.346534653,-0.8,,0,0,H,0
3BE1,L,H,91,0.377529412,2.352941176,4,0,1,0.799842635,0.15,0.9,,0,0,-,0.072
3bp8,A,F,136,0.635888,2.75,2,2,9,0.798519393,0.290909091,0.71,,0,0,H,0.033
3hhr,A,T,3,1.595597143,2,0,0,1,1.340310044,0.08045977,-0.05,,0,0,-,0.953
3hhr,A,M,14,0.890841176,2.235294118,2,0,6,0.285151612,0.1875,0.1,,0,0,H,0.373
3hhr,A,L,15,1.121357895,2.263157895,2,0,1,0.51961923,0.2,0.15,,0,0,H,0.377
3hhr,A,R,16,0.217870417,2.291666667,2,0,7,0.845847155,0.150684932,0.24,,0,0,H,0.106
3hhr,A,E,56,1.023562667,2.133333333,2,0,6,1.778098451,0.11023622,0.4,,0,0,-,0.934
3hhr,A,S,62,1.144739091,2.181818182,3,0,5,1.139740054,0.021276596,0.2,,0,0,-,0.109
3hhr,A,N,63,0.987685714,2.214285714,3,0,5,0.755494737,0.135802469,0.3,,0,0,-,0.246
3hhr,A,R,64,1.01879125,2.125,1,0,5,1.229783046,0.150684932,1.6,,1,,H,0.55
3hhr,A,T,175,0.521842857,2.428571429,5,0,9,0.086639305,0.08045977,2,,2,1,H,0.105
3hhr,A,R,183,0.745325,2.125,3,0,7,0.6853169,0.150684932,0.5,,0,0,H,0.748
3hhr,A,S,188,1.326557273,2.090909091,2,0,7,1.708527089,0.021276596,-0.2,,0,0,-,0.41
3K2M,D,E,52,0.803567333,2.333333333,1,0,7,0.873883481,0.11023622,2.5,,2,1,S,0.515
3K2M,D,W,80,0.591654583,2.458333333,2,3,4,0.684492842,0.355555556,4,,2,1,S,0.075
3K2M,D,Y,87,0.607421429,2.428571429,4,4,3,0.853320245,0.346534653,4,,2,1,-,0.033
3K2M,D,M,88,0.922514706,2.529411765,1,8,1,0.785706455,0.1875,4,,2,1,S,0.134
3nps,A,R,87,1.388012917,2.041666667,1,0,4,1.404614634,0.150684932,-0.1533,,0,0,S,0.842
3nps,A,F,94,0.792528,2.45,1,4,7,0.875442654,0.290909091,0.9867,,0,0,-,0.348
3nps,A,Q,175,1.254162353,2.117647059,2,0,1,1.186393594,0.074074074,1.04,,1,,T,0.49
3nps,A,R,222,1.522088333,2,0,0,3,1.173413904,0.150684932,-0.0867,,0,0,T,1.189
3nps,A,D,60b,1.416668333,2.083333333,3,0,2,1.734489089,0.133928571,0.96,,0,0,-,0.783
3nps,A,R,60f,1.4808975,2,1,0,5,1.791634046,0.150684932,0.1,,0,0,-,0.672
3OUW,A,F,253,0.51228,2.8,3,1,8,1.138059343,0.290909091,Insignificant,100% interaction,0,0,H,0.113
3OUW,A,N,430,0.890855714,2.142857143,2,0,9,0.837875959,0.135802469,Insignificant,,0,0,-,0.669
3QDZ,B,I,24,1.523336842,2.105263158,0,0,1,0.845258041,0.208333333,Insignificant,,0,0,-,0.969
3QDZ,B,F,34,0.620064,2.45,2,0,4,0.904716832,0.290909091,Insignificant,,0,0,S,0.151
3QDZ,B,R,35,1.174193333,2.208333333,2,0,1,0.88113696,0.150684932,Insignificant,,0,0,S,0.827
3QDZ,B,Q,38,1.680672941,2,0,0,1,1.051898109,0.074074074,Insignificant,,0,0,T,1.016
3QDZ,B,L,65,1.006077895,2.315789474,2,1,3,0.869507796,0.2,Insignificant,,0,0,S,0.302
3QDZ,B,K,81,1.483430909,2.090909091,2,0,5,0.846667474,0.149253731,Insignificant,,0,0,S,0.836
3QDZ,B,W,215,0.629602917,2.625,1,3,8,0.889807922,0.355555556,Strong,,2,1,S,0.113
3TS8,A,F,328,0.55656,2.8,2,0,1,0.637219581,0.290909091,Strong,,2,1,-,0.302
3UB5,P,F,59,1.030558,2.25,1,1,5,0.698330653,0.290909091,Strong,Kd= 34 uM,2,1,H,0.331
4WHD,A,Q,44,0.555594118,2.411764706,4,3,1,0.732504125,0.074074074,Insignificant,30-40% adhesion,0,0,S,0
4WHD,A,I,91,0.941347368,2.315789474,3,1,4,1.161482399,0.208333333,Insignificant,40-50% adhesion,0,0,S,0
4WHD,B,D,82,0.50515,2.5,3,0,9,0.751728661,0.133928571,Strong,0-10% adhesion,2,1,H,0.1
5U8Q,A,N,84,1.372064286,2.071428571,1,0,8,1.068928883,0.135802469,Insignificant,0.75 fold increase,0,0,T,1.211
5U8Q,A,R,112,0.708808333,2.333333333,3,2,8,0.949675102,0.150684932,Insignificant,0.75 fold increase,0,0,S,0.171
5U8Q,A,E,264,1.522466,2.066666667,1,0,1,1.097784872,0.11023622,Insignificant,0.8 fold increase,0,0,-,0.574
5U8Q,A,I,282,1.357555263,2.157894737,2,0,4,1.03840117,0.208333333,Insignificant,0.8 fold increase,0,0,S,0.528
6CE9,K,Q,15,1.495476471,2.117647059,3,0,5,1.094681555,0.074074074,Negative-Weak,122 +/- 37% binding affinity,0,0,H,0.742
6CE9,K,Y,19,0.944162857,2.333333333,1,1,8,1.125189581,0.346534653,Strong,0.1% binding affinity,2,1,T,0.243
6CE9,L,N,3,1.642857143,2,0,0,2,1.169663273,0.135802469,Negative-Weak,134 +/- 21% binding affinity,0,0,-,1.302
6CE9,L,G,8,0.5992,2.285714286,2,0,9,0,0.21875,Strong,3 +/- 2% binding affinity,2,1,H,0.034
6CE9,L,G,20,0.815811429,2.142857143,1,0,7,0,0.21875,Negative-Intermediate,270 +/- 85% binding affinity,0,0,-,0.394
6CE9,L,E,21,1.628861333,2,0,0,3,1.03402624,0.11023622,Negative-Intermediate,230 +/- 79% binding affinity,0,0,-,1.588
6CE9,L,F,24,0.9201315,2.2,1,1,9,1.055670448,0.290909091,Strong,,2,1,-,0.369
6CE9,M,V,713,1.44699,2.0625,1,0,9,0.842990343,0.12244898,Strong,Kd = >10^-6 M,2,1,H,0.222