residue,avg bond number,Hbond,Hphob,consurf,B' side chain,secondary structure,asa
E,2.2,5,0,6,0.836846802,T,0.134
R,2.125,2,0,5,0.750157589,T,0.033
E,2.2,1,2,6,0.712243252,T,0.373
T,2,1,0,6,1.163009815,-,1.065
N,2,1,0,1,2.163084448,-,0.6
E,2.066666667,0,0,3,2.124503522,-,1.295
W,2.25,0,2,7,0.518672029,-,0.899
E,2.133333333,2,2,9,0.707951063,S,0.86
I,2.368421053,1,0,4,0.77917864,-,0.071
P,2.357142857,1,2,1,0.510835532,S,0
K,2.090909091,2,0,6,0.885361545,S,0.545
E,2.066666667,2,0,2,1.47755357,S,0.578
V,2.3125,1,4,7,0.576844197,H,0
E,2.266666667,1,0,6,0.841138991,H,0.452
D,2.25,1,0,9,1.055894769,-,0.519
D,2.333333333,3,0,8,0.571885418,-,0.038
Q,2,0,0,1,1.341829349,T,1.093
E,2.333333333,3,0,8,1.217941164,S,0.176
K,2.045454545,2,0,2,1.219371894,S,0.942
E,2.466666667,2,2,8,0.925552042,S,0.272
N,2.071428571,2,0,2,1.198642572,T,0.212
H,2.294117647,3,0,9,0.708234062,H,0.075
R,2.041666667,1,0,5,1.461588837,H,1.213
R,2.166666667,3,0,7,1.963474562,S,0.482
E,2.266666667,3,0,5,1.326502945,-,0.323
T,2.428571429,3,1,8,0.822916299,S,0.033
L,2.105263158,1,1,4,0.458687527,S,0.956
V,2,1,0,1,1.434674107,-,0.755
P,2.214285714,0,1,9,1.217015478,-,0.411
P,2.857142857,2,8,8,1.30417533,-,0
M,2.235294118,2,1,5,0.440878908,S,0
I,2.157894737,2,0,4,0.401538586,S,0.113
K,2.227272727,3,0,1,0.811444981,S,0.496
H,2.117647059,1,0,1,0.902367418,T,1.116
Q,2.235294118,2,2,1,0.670261457,T,0.311
G,2.285714286,2,0,3,0,S,0
M,2.235294118,2,2,7,0.769489719,S,0.189
K,2.090909091,3,1,6,0.660319191,H,0.205
E,2.2,2,0,7,1.122786343,H,0.831
N,2.071428571,2,0,6,0.753751975,H,0.405
R,2.125,3,0,4,0.868782039,H,0.897
H,2.277777778,1,0,8,0.67951567,H,0.038
F,2.25,1,0,3,1.09500287,H,0.182
E,2.133333333,2,0,7,0.713001868,H,0.209
V,2.125,2,1,7,0.908474603,H,0
G,2,1,0,5,0,-,0.47
K,2.136363636,1,2,2,1.442681575,S,0.863
K,2.090909091,5,0,4,0.308984844,-,0.038
R,2.041666667,1,0,1,1.048727848,-,0.982
I,2.105263158,2,0,2,0.465456112,S,0.302
F,2.55,2,6,9,0.286922633,S,0.226
G,2.285714286,2,0,7,0,-,0
G,2,0,0,9,0,-,0.134
W,2.25,2,0,4,0.852382861,S,0.302
K,2.136363636,2,1,1,1.408491156,T,0.518
R,2.083333333,2,0,4,1.845085559,S,1.3
T,2.214285714,3,0,9,0.67712057,H,0.578
N,2.357142857,6,0,1,0.637941186,-,0
Y,2.19047619,1,0,1,0.593843869,T,0.142
Y,2.428571429,3,0,1,0.712805252,-,0
Y,2.476190476,4,3,1,0.630895753,S,0
Y,2.571428571,2,1,1,1.192452276,T,0.532
R,2.166666667,2,2,1,0.842671489,T,0.42
W,3,2,5,9,0.952785893,T,0.209
S,2.272727273,4,0,3,0.809768663,T,0
I,2.157894737,2,0,2,0.632291703,S,0.147
V,2.5,2,1,5,0.383594139,S,0
L,2.526315789,2,3,3,0.757870625,T,0
S,2,0,0,2,0.983378752,T,0.41
D,2.166666667,1,0,5,1.179782301,-,0.335
E,2.266666667,4,0,6,0.652528807,-,0.234
H,2.235294118,2,1,3,1.13361281,-,1.197
L,2.263157895,1,4,5,0.756876044,-,0.18
D,2.333333333,5,0,9,0.618271516,S,0.033
D,2.25,2,1,9,0.388253554,-,0
E,2.2,1,0,5,0.628190381,T,0.394
L,2.210526316,2,2,7,0.614832942,S,0
V,2.375,2,5,8,0.994113787,S,0
P,2.142857143,0,0,9,1.124110927,T,0.926
I,2.421052632,2,3,8,0.949793007,H,0
S,2.090909091,1,0,1,1.028311752,H,0.033
S,2.272727273,4,0,1,0.925575177,H,0
T,2.5,3,0,2,0.655142746,-,0
I,2.315789474,1,1,8,0.851611426,H,0.151
K,2.045454545,1,0,6,2.041716889,H,1.567
F,2.4,2,4,1,0.519217569,S,0.298
T,2.285714286,4,1,9,0.583138093,S,0
E,2.333333333,3,2,3,1.376637339,S,0.796
K,2,0,0,7,1.584284603,-,1.48
K,2.318181818,2,0,6,0.64061686,S,0.14
T,2.142857143,3,0,6,0.958443358,S,0.172
D,2.083333333,6,0,9,0.562262028,S,0.215
D,2,2,0,8,1.660777986,-,0.452
L,2.210526316,1,3,7,0.795552059,S,0.071
D,2.25,2,1,6,1.273613957,H,0.816
N,2.214285714,4,0,4,1.087312745,H,0.516
E,2.133333333,2,0,1,1.601153377,S,0.98
H,2.176470588,1,0,9,1.321181829,H,0.576
D,2.083333333,1,0,9,1.830193131,-,0.272
L,2.315789474,1,1,7,1.678035449,-,0.415
F,2.35,1,1,6,1.087239302,H,0.453
L,2.2,1,0,9,0.377728985,-,0.293
P,2.214285714,1,0,5,0.62143013,-,0.226
P,2.571428571,0,6,9,0.537012329,S,0.109
E,2.2,2,0,7,1.427914282,T,0.871
R,2.041666667,0,0,5,1.185019441,-,0.743
R,2.166666667,1,0,9,1.061865779,T,0.795
N,2.071428571,1,0,6,1.695191119,H,1.04
G,2,2,0,9,0,T,0
N,2.214285714,3,0,9,0.705789927,T,0.034
T,2.214285714,3,0,4,0.622173491,H,0.1
Q,2.117647059,3,0,1,1.1688159,H,0.588
S,2.090909091,2,0,1,0.889178791,H,0.482
K,2.090909091,2,0,1,1.220057537,H,1.013
Q,2.176470588,3,0,1,0.902184035,H,0.501
F,2.35,2,3,1,0.490427837,H,0.075
R,2.375,3,0,2,0.204298543,H,0.034
R,2.208333333,2,0,9,0.241178048,H,0.382
D,2.083333333,1,0,8,2.638629791,T,1.202
E,2.533333333,4,0,1,0.771502399,S,0.038
N,2.285714286,5,0,9,0.799503232,H,0.11
N,2,1,0,3,0.884474591,-,0.302
G,2.142857143,2,0,1,0,T,0.075
T,2.285714286,2,2,5,1.134569382,T,0.281
R,2.083333333,2,0,3,1.339378847,H,0.664
R,2.166666667,2,0,9,0.553780258,H,0.137
D,2.25,2,0,1,0.886202854,-,0.486
Y,2.19047619,1,0,1,0.789329912,T,1.351
K,2.454545455,4,0,7,0.538705344,S,0
Y,2.380952381,4,0,9,0.652410833,S,0.113
N,2.357142857,3,2,1,0.744016121,-,0
K,2,0,0,4,1.062246231,S,0.942
D,2.166666667,1,0,2,1.132226207,-,0.373
T,2.2,1,2,1,0.645473759,-,0.167
W,2.230769231,1,5,1,0.642318488,-,0.138
N,2.071428571,1,0,1,1.437218953,H,0.8
V,2.25,2,0,5,0.606281286,-,0
D,2.5,2,0,8,0.709548179,S,0.461
S,2,0,0,3,0.881026513,-,0.822
E,2.066666667,0,1,1,1.487508893,-,1.215
V,2.3125,2,3,4,0.645981811,S,0.075
M,2.294117647,2,3,6,0.86655506,S,0.033
E,2.533333333,3,1,9,0.840171199,T,0.377
I,2.210526316,2,2,4,0.793694927,S,0.189
K,2.318181818,2,4,9,0.980913343,H,0.283
T,2.142857143,2,0,9,0.58734875,H,0.151
L,2.315789474,1,2,1,0.592452544,T,0.331
Q,2.117647059,1,2,2,2.002176871,S,0.878
E,2.133333333,2,1,2,1.629488961,S,0.687
L,2.263157895,2,1,3,1.175699361,S,0.226
R,2.333333333,2,0,4,0.754494468,S,0
R,2.041666667,2,0,2,1.696686996,-,1.388
K,2.136363636,2,0,6,1.382048044,S,0.76
Y,2.333333333,1,4,1,0.709661968,-,0.733
Q,2.294117647,3,3,9,0.894051325,H,0.034
D,2.083333333,2,0,7,1.123298516,T,0.707
R,2.125,2,0,9,0.622651226,H,0.656
T,2.214285714,4,1,7,0.911612715,-,0.033
E,2.533333333,3,0,8,0.965652571,-,0.067
Y,2.523809524,1,8,2,1.541638735,-,0.519
H,2.235294118,0,0,2,0.927734352,T,0.767
H,2.352941176,1,0,2,0.706567935,T,0.537
W,2.375,1,4,1,0.571788295,-,0.423
Y,2.238095238,0,1,3,0.690974158,-,0.249
R,2.083333333,2,1,1,1.051448467,-,0.61
D,2,1,0,5,0.880693299,T,0.373
N,2.071428571,3,1,6,0.690881522,T,0.301
S,2.272727273,4,0,5,0.503756197,-,0.11
D,2.583333333,2,3,3,0.639746284,-,0.367
R,2.166666667,2,1,2,0.519874913,T,0.679
K,2.136363636,2,0,7,1.765388203,S,0.637
G,2.142857143,2,0,9,0,H,0
C,2.363636364,3,0,8,0.658193709,-,0
E,2.058823529,0,0,6,2.094439799,-,0.968
T,2.071428571,1,0,7,1.212424746,-,0.629
S,2,1,0,5,1.021176008,H,0.357
W,2.75,2,7,7,0.396583886,H,0.109
K,2,1,0,1,1.737631392,T,1.316
R,2.125,0,0,5,1.172994109,-,0.92
R,2.083333333,3,0,1,0.951602394,T,1.386
E,2.333333333,2,0,1,0.476533762,S,0.733
R,2.166666667,2,0,9,1.001835447,S,0.41
D,2.5,2,2,9,0.933654543,H,0.142
W,2.333333333,3,0,1,0.706587375,T,0.264
E,2.466666667,3,0,6,0.850406044,S,0.377
K,2.045454545,1,0,3,1.073012332,T,0.25
W,2.291666667,3,0,3,1.233383022,S,0.377
E,2.4,2,0,7,1.286202359,S,0.477
R,2.125,2,0,5,1.709587286,S,0.989
H,2.176470588,1,0,1,0.679247866,T,0.286
K,2.090909091,2,0,5,0.921408942,H,0.832
V,2.3125,2,3,3,1.011903833,H,0.075
R,2.291666667,2,0,2,1.032821233,H,0.602
D,2.333333333,3,0,1,0.984211293,H,0.142
Q,2.176470588,2,1,1,1.057814938,H,0.138
K,2.045454545,1,0,1,0.971693143,H,0.859
G,2.142857143,2,0,9,0,H,0
E,2.133333333,1,1,6,1.025323647,H,0.657
D,2.083333333,2,0,2,1.13994828,H,0.239
N,2.071428571,1,0,4,1.170123148,-,0.906
F,2.6,1,4,5,0.291464502,H,0.373
Y,2.571428571,4,7,9,0.93653699,T,0.109
Y,2.333333333,0,1,1,0.685700607,S,0.666
K,2.136363636,6,0,4,0.557385004,-,0
S,2,0,0,3,1.363073303,H,0.516
Y,2.238095238,0,3,3,1.160853037,S,0.394
W,2.25,2,1,5,1.060774527,S,0.226
S,2.181818182,2,0,1,1.184258674,S,0.105
Y,2.380952381,1,5,6,1.123137793,-,0.394
W,2.291666667,2,1,2,1.368530921,S,0.404
H,2.176470588,2,0,7,1.313273388,H,0.469
E,2.333333333,1,0,5,1.035617361,-,0.586
D,2.083333333,0,0,1,1.275846462,S,0.835
R,2,0,0,1,1.851535278,T,1.879
N,2.071428571,1,0,1,1.453195705,T,0.962
R,2.25,0,2,8,0.986670448,-,0.587
E,2.4,3,0,9,1.023796262,H,0.586
E,2.066666667,1,0,1,1.353188162,H,1.42
N,2,1,0,6,1.215856352,T,0.86
K,2.045454545,1,0,6,1.120359379,T,0.971
R,1.807692308,0,0,1,1.445921635,-,2.589
R,2.083333333,1,0,1,1.270988376,-,1.043
H,2.352941176,2,0,7,0.980409896,S,0.113
S,2.272727273,3,0,8,0.883058654,H,0.211
S,2.090909091,1,0,6,0.775929804,T,0.628
E,2,0,0,1,1.546843101,T,1.358
E,2.0625,0,0,6,2.240511287,-,1.945
Q,2,2,0,6,1.270741059,-,0.593
R,2.125,2,2,9,1.000764042,T,0.736
Y,2.142857143,0,0,9,1.000764042,T,0.771
L,2.421052632,3,6,7,0.799641323,H,0.075
M,2.470588235,1,5,9,0.704039657,H,0.22
R,2.166666667,4,0,9,0.680550679,H,0.25
R,2.166666667,4,0,9,0.530286096,H,0.352
I,2.210526316,2,2,3,0.758567272,S,0.075
I,2.157894737,1,2,1,0.85005533,S,0.511
R,2.208333333,3,0,8,0.958640154,S,0.376
L,2.210526316,2,0,3,0.752126769,S,0
Q,2.294117647,4,1,9,0.812906774,-,0
E,2.266666667,3,0,2,0.90470728,S,0.511
K,2.045454545,1,0,5,0.861879272,-,0.629
D,2.333333333,3,0,9,0.785524056,H,0.038
D,2.25,4,0,1,0.724932455,T,0.234
Q,2.294117647,3,2,3,0.706733401,S,0.325
S,2.090909091,1,0,1,0.716261264,T,0
Y,2.285714286,2,0,1,0.655353983,T,0.209
E,2.666666667,2,0,8,0.696579684,H,0.391
N,2.214285714,3,0,2,0.734601838,H,0.385
R,2.125,6,0,1,0.812811703,H,1.266
E,2.333333333,3,0,2,0.801404782,H,0.251
D,2.083333333,1,0,1,1.050358599,H,1.068
Y,2.714285714,3,0,1,0.972756824,-,0.075
R,2.125,2,1,1,1.321323535,S,1.433
S,2,0,0,1,0.876528559,T,0.511
Y,2.333333333,2,3,1,0.951653681,S,0.964
T,2.142857143,2,0,1,0.928744647,-,0.301
K,2.045454545,1,0,4,1.147201433,H,1.03
Y,2.714285714,2,1,1,0.957856047,-,0.247
Y,2.523809524,2,7,1,1.067850075,S,0.524
Y,2.333333333,2,3,1,0.938925268,S,0.922
G,2,0,0,1,0,-,0.298
D,2,1,0,1,1.302445098,T,1.112
I,2.263157895,1,1,1,1.361361742,-,0
S,2.181818182,2,0,1,1.36301607,H,0.239
Y,2.476190476,3,5,1,1.072794261,H,0
H,2.352941176,4,0,1,0.799842635,-,0.072
F,2.75,2,2,9,0.798519393,H,0.033
T,2,0,0,1,1.340310044,-,0.953
M,2.235294118,2,0,6,0.285151612,H,0.373
L,2.263157895,2,0,1,0.51961923,H,0.377
R,2.291666667,2,0,7,0.845847155,H,0.106
E,2.133333333,2,0,6,1.778098451,-,0.934
S,2.181818182,3,0,5,1.139740054,-,0.109
N,2.214285714,3,0,5,0.755494737,-,0.246
R,2.125,1,0,5,1.229783046,H,0.55
T,2.428571429,5,0,9,0.086639305,H,0.105
R,2.125,3,0,7,0.6853169,H,0.748
S,2.090909091,2,0,7,1.708527089,-,0.41
E,2.333333333,1,0,7,0.873883481,S,0.515
W,2.458333333,2,3,4,0.684492842,S,0.075
Y,2.428571429,4,4,3,0.853320245,-,0.033
M,2.529411765,1,8,1,0.785706455,S,0.134
R,2.041666667,1,0,4,1.404614634,S,0.842
F,2.45,1,4,7,0.875442654,-,0.348
Q,2.117647059,2,0,1,1.186393594,T,0.49
R,2,0,0,3,1.173413904,T,1.189
D,2.083333333,3,0,2,1.734489089,-,0.783
R,2,1,0,5,1.791634046,-,0.672
F,2.8,3,1,8,1.138059343,H,0.113
N,2.142857143,2,0,9,0.837875959,-,0.669
I,2.105263158,0,0,1,0.845258041,-,0.969
F,2.45,2,0,4,0.904716832,S,0.151
R,2.208333333,2,0,1,0.88113696,S,0.827
Q,2,0,0,1,1.051898109,T,1.016
L,2.315789474,2,1,3,0.869507796,S,0.302
K,2.090909091,2,0,5,0.846667474,S,0.836
W,2.625,1,3,8,0.889807922,S,0.113
F,2.8,2,0,1,0.637219581,-,0.302
F,2.25,1,1,5,0.698330653,H,0.331
Q,2.411764706,4,3,1,0.732504125,S,0
I,2.315789474,3,1,4,1.161482399,S,0
D,2.5,3,0,9,0.751728661,H,0.1
N,2.071428571,1,0,8,1.068928883,T,1.211
R,2.333333333,3,2,8,0.949675102,S,0.171
E,2.066666667,1,0,1,1.097784872,-,0.574
I,2.157894737,2,0,4,1.03840117,S,0.528
Q,2.117647059,3,0,5,1.094681555,H,0.742
Y,2.333333333,1,1,8,1.125189581,T,0.243
N,2,0,0,2,1.169663273,-,1.302
G,2.285714286,2,0,9,0,H,0.034
G,2.142857143,1,0,7,0,-,0.394
E,2,0,0,3,1.03402624,-,1.588
F,2.2,1,1,9,1.055670448,-,0.369
V,2.0625,1,0,9,0.842990343,H,0.222